,f0,fname,folder,len,pitch_mod,sentence,voice
0,159.0,Salli/0_159.mp3,Salli,13.061224489795919,-3.0,0.0,Salli_159
1,162.0,Salli/0_162.mp3,Salli,13.061224489795919,-2.6842105263157894,0.0,Salli_162
2,165.0,Salli/0_165.mp3,Salli,13.061224489795919,-2.3684210526315788,0.0,Salli_165
3,167.0,Salli/0_167.mp3,Salli,13.061224489795919,-2.0526315789473686,0.0,Salli_167
4,169.0,Salli/0_169.mp3,Salli,13.061224489795919,-1.736842105263158,0.0,Salli_169
5,172.0,Salli/0_172.mp3,Salli,13.061224489795919,-1.4210526315789473,0.0,Salli_172
6,174.0,Salli/0_174.mp3,Salli,13.061224489795919,-1.105263157894737,0.0,Salli_174
7,177.0,Salli/0_177.mp3,Salli,13.061224489795919,-0.7894736842105265,0.0,Salli_177
8,178.0,Salli/0_178.mp3,Salli,13.061224489795919,-0.47368421052631593,0.0,Salli_178
9,179.0,Salli/0_179.mp3,Salli,13.061224489795919,-0.1578947368421053,0.0,Salli_179
10,173.0,Salli/0_173.mp3,Salli,13.061224489795919,0.1578947368421053,0.0,Salli_173
11,171.0,Salli/0_171.mp3,Salli,13.061224489795919,0.4736842105263155,0.0,Salli_171
12,167.0,Salli/0_167.mp3,Salli,13.061224489795919,0.7894736842105261,0.0,Salli_167
13,163.0,Salli/0_163.mp3,Salli,13.061224489795919,1.1052631578947363,0.0,Salli_163
14,153.0,Salli/0_153.mp3,Salli,13.061224489795919,1.421052631578947,0.0,Salli_153
15,147.0,Salli/0_147.mp3,Salli,13.061224489795919,1.7368421052631575,0.0,Salli_147
16,137.0,Salli/0_137.mp3,Salli,13.061224489795919,2.052631578947368,0.0,Salli_137
17,122.0,Salli/0_122.mp3,Salli,13.061224489795919,2.3684210526315788,0.0,Salli_122
18,120.0,Salli/0_120.mp3,Salli,13.061224489795919,2.6842105263157894,0.0,Salli_120
19,118.0,Salli/0_118.mp3,Salli,13.061224489795919,3.0,0.0,Salli_118
20,157.0,Salli/1_157.mp3,Salli,13.008979591836734,-3.0,1.0,Salli_157
21,161.0,Salli/1_161.mp3,Salli,13.008979591836734,-2.6842105263157894,1.0,Salli_161
22,163.0,Salli/1_163.mp3,Salli,13.008979591836734,-2.3684210526315788,1.0,Salli_163
23,166.0,Salli/1_166.mp3,Salli,13.008979591836734,-2.0526315789473686,1.0,Salli_166
24,169.0,Salli/1_169.mp3,Salli,13.008979591836734,-1.736842105263158,1.0,Salli_169
25,172.0,Salli/1_172.mp3,Salli,13.008979591836734,-1.4210526315789473,1.0,Salli_172
26,175.0,Salli/1_175.mp3,Salli,13.008979591836734,-1.105263157894737,1.0,Salli_175
27,177.0,Salli/1_177.mp3,Salli,13.008979591836734,-0.7894736842105265,1.0,Salli_177
28,177.0,Salli/1_177.mp3,Salli,13.008979591836734,-0.47368421052631593,1.0,Salli_177
29,179.0,Salli/1_179.mp3,Salli,13.008979591836734,-0.1578947368421053,1.0,Salli_179
30,178.0,Salli/1_178.mp3,Salli,13.008979591836734,0.1578947368421053,1.0,Salli_178
31,174.0,Salli/1_174.mp3,Salli,13.008979591836734,0.4736842105263155,1.0,Salli_174
32,172.0,Salli/1_172.mp3,Salli,13.008979591836734,0.7894736842105261,1.0,Salli_172
33,167.0,Salli/1_167.mp3,Salli,13.008979591836734,1.1052631578947363,1.0,Salli_167
34,165.0,Salli/1_165.mp3,Salli,13.008979591836734,1.421052631578947,1.0,Salli_165
35,146.0,Salli/1_146.mp3,Salli,13.008979591836734,1.7368421052631575,1.0,Salli_146
36,132.0,Salli/1_132.mp3,Salli,13.008979591836734,2.052631578947368,1.0,Salli_132
37,130.0,Salli/1_130.mp3,Salli,13.008979591836734,2.3684210526315788,1.0,Salli_130
38,124.0,Salli/1_124.mp3,Salli,13.008979591836734,2.6842105263157894,1.0,Salli_124
39,120.0,Salli/1_120.mp3,Salli,13.008979591836734,3.0,1.0,Salli_120
40,157.0,Salli/2_157.mp3,Salli,13.766530612244898,-3.0,2.0,Salli_157
41,160.0,Salli/2_160.mp3,Salli,13.766530612244898,-2.6842105263157894,2.0,Salli_160
42,164.0,Salli/2_164.mp3,Salli,13.766530612244898,-2.3684210526315788,2.0,Salli_164
43,166.0,Salli/2_166.mp3,Salli,13.766530612244898,-2.0526315789473686,2.0,Salli_166
44,168.0,Salli/2_168.mp3,Salli,13.766530612244898,-1.736842105263158,2.0,Salli_168
45,170.0,Salli/2_170.mp3,Salli,13.766530612244898,-1.4210526315789473,2.0,Salli_170
46,172.0,Salli/2_172.mp3,Salli,13.766530612244898,-1.105263157894737,2.0,Salli_172
47,174.0,Salli/2_174.mp3,Salli,13.766530612244898,-0.7894736842105265,2.0,Salli_174
48,175.0,Salli/2_175.mp3,Salli,13.766530612244898,-0.47368421052631593,2.0,Salli_175
49,176.0,Salli/2_176.mp3,Salli,13.766530612244898,-0.1578947368421053,2.0,Salli_176
50,168.0,Salli/2_168.mp3,Salli,13.766530612244898,0.1578947368421053,2.0,Salli_168
51,166.0,Salli/2_166.mp3,Salli,13.766530612244898,0.4736842105263155,2.0,Salli_166
52,167.0,Salli/2_167.mp3,Salli,13.766530612244898,0.7894736842105261,2.0,Salli_167
53,167.0,Salli/2_167.mp3,Salli,13.766530612244898,1.1052631578947363,2.0,Salli_167
54,160.0,Salli/2_160.mp3,Salli,13.766530612244898,1.421052631578947,2.0,Salli_160
55,160.0,Salli/2_160.mp3,Salli,13.766530612244898,1.7368421052631575,2.0,Salli_160
56,156.0,Salli/2_156.mp3,Salli,13.766530612244898,2.052631578947368,2.0,Salli_156
57,139.0,Salli/2_139.mp3,Salli,13.766530612244898,2.3684210526315788,2.0,Salli_139
58,133.0,Salli/2_133.mp3,Salli,13.766530612244898,2.6842105263157894,2.0,Salli_133
59,118.0,Salli/2_118.mp3,Salli,13.766530612244898,3.0,2.0,Salli_118
60,159.0,Salli/3_159.mp3,Salli,19.121632653061223,-3.0,3.0,Salli_159
61,161.0,Salli/3_161.mp3,Salli,19.121632653061223,-2.6842105263157894,3.0,Salli_161
62,164.0,Salli/3_164.mp3,Salli,19.121632653061223,-2.3684210526315788,3.0,Salli_164
63,166.0,Salli/3_166.mp3,Salli,19.121632653061223,-2.0526315789473686,3.0,Salli_166
64,170.0,Salli/3_170.mp3,Salli,19.121632653061223,-1.736842105263158,3.0,Salli_170
65,172.0,Salli/3_172.mp3,Salli,19.121632653061223,-1.4210526315789473,3.0,Salli_172
66,174.0,Salli/3_174.mp3,Salli,19.121632653061223,-1.105263157894737,3.0,Salli_174
67,176.0,Salli/3_176.mp3,Salli,19.121632653061223,-0.7894736842105265,3.0,Salli_176
68,176.0,Salli/3_176.mp3,Salli,19.121632653061223,-0.47368421052631593,3.0,Salli_176
69,176.0,Salli/3_176.mp3,Salli,19.121632653061223,-0.1578947368421053,3.0,Salli_176
70,176.0,Salli/3_176.mp3,Salli,19.121632653061223,0.1578947368421053,3.0,Salli_176
71,173.0,Salli/3_173.mp3,Salli,19.121632653061223,0.4736842105263155,3.0,Salli_173
72,168.0,Salli/3_168.mp3,Salli,19.121632653061223,0.7894736842105261,3.0,Salli_168
73,159.0,Salli/3_159.mp3,Salli,19.121632653061223,1.1052631578947363,3.0,Salli_159
74,151.0,Salli/3_151.mp3,Salli,19.121632653061223,1.421052631578947,3.0,Salli_151
75,149.0,Salli/3_149.mp3,Salli,19.121632653061223,1.7368421052631575,3.0,Salli_149
76,138.0,Salli/3_138.mp3,Salli,19.121632653061223,2.052631578947368,3.0,Salli_138
77,135.0,Salli/3_135.mp3,Salli,19.121632653061223,2.3684210526315788,3.0,Salli_135
78,123.0,Salli/3_123.mp3,Salli,19.121632653061223,2.6842105263157894,3.0,Salli_123
79,123.0,Salli/3_123.mp3,Salli,19.121632653061223,3.0,3.0,Salli_123
80,158.0,Salli/4_158.mp3,Salli,17.6065306122449,-3.0,4.0,Salli_158
81,161.0,Salli/4_161.mp3,Salli,17.6065306122449,-2.6842105263157894,4.0,Salli_161
82,161.0,Salli/4_161.mp3,Salli,17.6065306122449,-2.3684210526315788,4.0,Salli_161
83,164.0,Salli/4_164.mp3,Salli,17.6065306122449,-2.0526315789473686,4.0,Salli_164
84,167.0,Salli/4_167.mp3,Salli,17.6065306122449,-1.736842105263158,4.0,Salli_167
85,168.0,Salli/4_168.mp3,Salli,17.6065306122449,-1.4210526315789473,4.0,Salli_168
86,171.0,Salli/4_171.mp3,Salli,17.6065306122449,-1.105263157894737,4.0,Salli_171
87,174.0,Salli/4_174.mp3,Salli,17.6065306122449,-0.7894736842105265,4.0,Salli_174
88,175.0,Salli/4_175.mp3,Salli,17.6065306122449,-0.47368421052631593,4.0,Salli_175
89,176.0,Salli/4_176.mp3,Salli,17.6065306122449,-0.1578947368421053,4.0,Salli_176
90,173.0,Salli/4_173.mp3,Salli,17.6065306122449,0.1578947368421053,4.0,Salli_173
91,171.0,Salli/4_171.mp3,Salli,17.6065306122449,0.4736842105263155,4.0,Salli_171
92,167.0,Salli/4_167.mp3,Salli,17.6065306122449,0.7894736842105261,4.0,Salli_167
93,164.0,Salli/4_164.mp3,Salli,17.6065306122449,1.1052631578947363,4.0,Salli_164
94,156.0,Salli/4_156.mp3,Salli,17.6065306122449,1.421052631578947,4.0,Salli_156
95,149.0,Salli/4_149.mp3,Salli,17.6065306122449,1.7368421052631575,4.0,Salli_149
96,145.0,Salli/4_145.mp3,Salli,17.6065306122449,2.052631578947368,4.0,Salli_145
97,134.0,Salli/4_134.mp3,Salli,17.6065306122449,2.3684210526315788,4.0,Salli_134
98,130.0,Salli/4_130.mp3,Salli,17.6065306122449,2.6842105263157894,4.0,Salli_130
99,129.0,Salli/4_129.mp3,Salli,17.6065306122449,3.0,4.0,Salli_129
100,161.0,Salli/5_161.mp3,Salli,22.49142857142857,-3.0,5.0,Salli_161
101,163.0,Salli/5_163.mp3,Salli,22.49142857142857,-2.6842105263157894,5.0,Salli_163
102,166.0,Salli/5_166.mp3,Salli,22.49142857142857,-2.3684210526315788,5.0,Salli_166
103,169.0,Salli/5_169.mp3,Salli,22.49142857142857,-2.0526315789473686,5.0,Salli_169
104,170.0,Salli/5_170.mp3,Salli,22.49142857142857,-1.736842105263158,5.0,Salli_170
105,173.0,Salli/5_173.mp3,Salli,22.49142857142857,-1.4210526315789473,5.0,Salli_173
106,174.0,Salli/5_174.mp3,Salli,22.49142857142857,-1.105263157894737,5.0,Salli_174
107,175.0,Salli/5_175.mp3,Salli,22.49142857142857,-0.7894736842105265,5.0,Salli_175
108,174.0,Salli/5_174.mp3,Salli,22.49142857142857,-0.47368421052631593,5.0,Salli_174
109,168.0,Salli/5_168.mp3,Salli,22.49142857142857,-0.1578947368421053,5.0,Salli_168
110,163.0,Salli/5_163.mp3,Salli,22.49142857142857,0.1578947368421053,5.0,Salli_163
111,159.0,Salli/5_159.mp3,Salli,22.49142857142857,0.4736842105263155,5.0,Salli_159
112,155.0,Salli/5_155.mp3,Salli,22.49142857142857,0.7894736842105261,5.0,Salli_155
113,153.0,Salli/5_153.mp3,Salli,22.49142857142857,1.1052631578947363,5.0,Salli_153
114,143.0,Salli/5_143.mp3,Salli,22.49142857142857,1.421052631578947,5.0,Salli_143
115,143.0,Salli/5_143.mp3,Salli,22.49142857142857,1.7368421052631575,5.0,Salli_143
116,133.0,Salli/5_133.mp3,Salli,22.49142857142857,2.052631578947368,5.0,Salli_133
117,129.0,Salli/5_129.mp3,Salli,22.49142857142857,2.3684210526315788,5.0,Salli_129
118,127.0,Salli/5_127.mp3,Salli,22.49142857142857,2.6842105263157894,5.0,Salli_127
119,126.0,Salli/5_126.mp3,Salli,22.49142857142857,3.0,5.0,Salli_126
120,125.0,Joanna/0_125.mp3,Joanna,12.528027210884353,-3.0,0.0,Joanna_125
121,128.0,Joanna/0_128.mp3,Joanna,12.528027210884353,-2.6842105263157894,0.0,Joanna_128
122,129.0,Joanna/0_129.mp3,Joanna,12.528027210884353,-2.3684210526315788,0.0,Joanna_129
123,132.0,Joanna/0_132.mp3,Joanna,12.528027210884353,-2.0526315789473686,0.0,Joanna_132
124,133.0,Joanna/0_133.mp3,Joanna,12.528027210884353,-1.736842105263158,0.0,Joanna_133
125,135.0,Joanna/0_135.mp3,Joanna,12.528027210884353,-1.4210526315789473,0.0,Joanna_135
126,137.0,Joanna/0_137.mp3,Joanna,12.528027210884353,-1.105263157894737,0.0,Joanna_137
127,139.0,Joanna/0_139.mp3,Joanna,12.528027210884353,-0.7894736842105265,0.0,Joanna_139
128,141.0,Joanna/0_141.mp3,Joanna,12.528027210884353,-0.47368421052631593,0.0,Joanna_141
129,143.0,Joanna/0_143.mp3,Joanna,12.528027210884353,-0.1578947368421053,0.0,Joanna_143
130,144.0,Joanna/0_144.mp3,Joanna,12.528027210884353,0.1578947368421053,0.0,Joanna_144
131,147.0,Joanna/0_147.mp3,Joanna,12.528027210884353,0.4736842105263155,0.0,Joanna_147
132,147.0,Joanna/0_147.mp3,Joanna,12.528027210884353,0.7894736842105261,0.0,Joanna_147
133,148.0,Joanna/0_148.mp3,Joanna,12.528027210884353,1.1052631578947363,0.0,Joanna_148
134,149.0,Joanna/0_149.mp3,Joanna,12.528027210884353,1.421052631578947,0.0,Joanna_149
135,152.0,Joanna/0_152.mp3,Joanna,12.528027210884353,1.7368421052631575,0.0,Joanna_152
136,155.0,Joanna/0_155.mp3,Joanna,12.528027210884353,2.052631578947368,0.0,Joanna_155
137,157.0,Joanna/0_157.mp3,Joanna,12.528027210884353,2.3684210526315788,0.0,Joanna_157
138,159.0,Joanna/0_159.mp3,Joanna,12.528027210884353,2.6842105263157894,0.0,Joanna_159
139,160.0,Joanna/0_160.mp3,Joanna,12.528027210884353,3.0,0.0,Joanna_160
140,120.0,Joanna/1_120.mp3,Joanna,12.312018140589569,-3.0,1.0,Joanna_120
141,123.0,Joanna/1_123.mp3,Joanna,12.312018140589569,-2.6842105263157894,1.0,Joanna_123
142,124.0,Joanna/1_124.mp3,Joanna,12.312018140589569,-2.3684210526315788,1.0,Joanna_124
143,127.0,Joanna/1_127.mp3,Joanna,12.312018140589569,-2.0526315789473686,1.0,Joanna_127
144,129.0,Joanna/1_129.mp3,Joanna,12.312018140589569,-1.736842105263158,1.0,Joanna_129
145,130.0,Joanna/1_130.mp3,Joanna,12.312018140589569,-1.4210526315789473,1.0,Joanna_130
146,132.0,Joanna/1_132.mp3,Joanna,12.312018140589569,-1.105263157894737,1.0,Joanna_132
147,134.0,Joanna/1_134.mp3,Joanna,12.312018140589569,-0.7894736842105265,1.0,Joanna_134
148,136.0,Joanna/1_136.mp3,Joanna,12.312018140589569,-0.47368421052631593,1.0,Joanna_136
149,138.0,Joanna/1_138.mp3,Joanna,12.312018140589569,-0.1578947368421053,1.0,Joanna_138
150,139.0,Joanna/1_139.mp3,Joanna,12.312018140589569,0.1578947368421053,1.0,Joanna_139
151,141.0,Joanna/1_141.mp3,Joanna,12.312018140589569,0.4736842105263155,1.0,Joanna_141
152,144.0,Joanna/1_144.mp3,Joanna,12.312018140589569,0.7894736842105261,1.0,Joanna_144
153,148.0,Joanna/1_148.mp3,Joanna,12.312018140589569,1.1052631578947363,1.0,Joanna_148
154,148.0,Joanna/1_148.mp3,Joanna,12.312018140589569,1.421052631578947,1.0,Joanna_148
155,151.0,Joanna/1_151.mp3,Joanna,12.312018140589569,1.7368421052631575,1.0,Joanna_151
156,153.0,Joanna/1_153.mp3,Joanna,12.312018140589569,2.052631578947368,1.0,Joanna_153
157,156.0,Joanna/1_156.mp3,Joanna,12.312018140589569,2.3684210526315788,1.0,Joanna_156
158,154.0,Joanna/1_154.mp3,Joanna,12.312018140589569,2.6842105263157894,1.0,Joanna_154
159,158.0,Joanna/1_158.mp3,Joanna,12.312018140589569,3.0,1.0,Joanna_158
160,126.0,Joanna/2_126.mp3,Joanna,12.288027210884353,-3.0,2.0,Joanna_126
161,128.0,Joanna/2_128.mp3,Joanna,12.288027210884353,-2.6842105263157894,2.0,Joanna_128
162,130.0,Joanna/2_130.mp3,Joanna,12.288027210884353,-2.3684210526315788,2.0,Joanna_130
163,132.0,Joanna/2_132.mp3,Joanna,12.288027210884353,-2.0526315789473686,2.0,Joanna_132
164,134.0,Joanna/2_134.mp3,Joanna,12.288027210884353,-1.736842105263158,2.0,Joanna_134
165,135.0,Joanna/2_135.mp3,Joanna,12.288027210884353,-1.4210526315789473,2.0,Joanna_135
166,139.0,Joanna/2_139.mp3,Joanna,12.288027210884353,-1.105263157894737,2.0,Joanna_139
167,140.0,Joanna/2_140.mp3,Joanna,12.288027210884353,-0.7894736842105265,2.0,Joanna_140
168,142.0,Joanna/2_142.mp3,Joanna,12.288027210884353,-0.47368421052631593,2.0,Joanna_142
169,144.0,Joanna/2_144.mp3,Joanna,12.288027210884353,-0.1578947368421053,2.0,Joanna_144
170,146.0,Joanna/2_146.mp3,Joanna,12.288027210884353,0.1578947368421053,2.0,Joanna_146
171,147.0,Joanna/2_147.mp3,Joanna,12.288027210884353,0.4736842105263155,2.0,Joanna_147
172,150.0,Joanna/2_150.mp3,Joanna,12.288027210884353,0.7894736842105261,2.0,Joanna_150
173,152.0,Joanna/2_152.mp3,Joanna,12.288027210884353,1.1052631578947363,2.0,Joanna_152
174,153.0,Joanna/2_153.mp3,Joanna,12.288027210884353,1.421052631578947,2.0,Joanna_153
175,155.0,Joanna/2_155.mp3,Joanna,12.288027210884353,1.7368421052631575,2.0,Joanna_155
176,157.0,Joanna/2_157.mp3,Joanna,12.288027210884353,2.052631578947368,2.0,Joanna_157
177,159.0,Joanna/2_159.mp3,Joanna,12.288027210884353,2.3684210526315788,2.0,Joanna_159
178,159.0,Joanna/2_159.mp3,Joanna,12.288027210884353,2.6842105263157894,2.0,Joanna_159
179,159.0,Joanna/2_159.mp3,Joanna,12.288027210884353,3.0,2.0,Joanna_159
180,124.0,Joanna/3_124.mp3,Joanna,18.264036281179138,-3.0,3.0,Joanna_124
181,127.0,Joanna/3_127.mp3,Joanna,18.264036281179138,-2.6842105263157894,3.0,Joanna_127
182,128.0,Joanna/3_128.mp3,Joanna,18.264036281179138,-2.3684210526315788,3.0,Joanna_128
183,129.0,Joanna/3_129.mp3,Joanna,18.264036281179138,-2.0526315789473686,3.0,Joanna_129
184,132.0,Joanna/3_132.mp3,Joanna,18.264036281179138,-1.736842105263158,3.0,Joanna_132
185,134.0,Joanna/3_134.mp3,Joanna,18.264036281179138,-1.4210526315789473,3.0,Joanna_134
186,136.0,Joanna/3_136.mp3,Joanna,18.264036281179138,-1.105263157894737,3.0,Joanna_136
187,138.0,Joanna/3_138.mp3,Joanna,18.264036281179138,-0.7894736842105265,3.0,Joanna_138
188,139.0,Joanna/3_139.mp3,Joanna,18.264036281179138,-0.47368421052631593,3.0,Joanna_139
189,141.0,Joanna/3_141.mp3,Joanna,18.264036281179138,-0.1578947368421053,3.0,Joanna_141
190,142.0,Joanna/3_142.mp3,Joanna,18.264036281179138,0.1578947368421053,3.0,Joanna_142
191,144.0,Joanna/3_144.mp3,Joanna,18.264036281179138,0.4736842105263155,3.0,Joanna_144
192,146.0,Joanna/3_146.mp3,Joanna,18.264036281179138,0.7894736842105261,3.0,Joanna_146
193,148.0,Joanna/3_148.mp3,Joanna,18.264036281179138,1.1052631578947363,3.0,Joanna_148
194,149.0,Joanna/3_149.mp3,Joanna,18.264036281179138,1.421052631578947,3.0,Joanna_149
195,150.0,Joanna/3_150.mp3,Joanna,18.264036281179138,1.7368421052631575,3.0,Joanna_150
196,151.0,Joanna/3_151.mp3,Joanna,18.264036281179138,2.052631578947368,3.0,Joanna_151
197,153.0,Joanna/3_153.mp3,Joanna,18.264036281179138,2.3684210526315788,3.0,Joanna_153
198,153.0,Joanna/3_153.mp3,Joanna,18.264036281179138,2.6842105263157894,3.0,Joanna_153
199,155.0,Joanna/3_155.mp3,Joanna,18.264036281179138,3.0,3.0,Joanna_155
200,129.0,Joanna/4_129.mp3,Joanna,16.99201814058957,-3.0,4.0,Joanna_129
201,131.0,Joanna/4_131.mp3,Joanna,16.99201814058957,-2.6842105263157894,4.0,Joanna_131
202,133.0,Joanna/4_133.mp3,Joanna,16.99201814058957,-2.3684210526315788,4.0,Joanna_133
203,135.0,Joanna/4_135.mp3,Joanna,16.99201814058957,-2.0526315789473686,4.0,Joanna_135
204,137.0,Joanna/4_137.mp3,Joanna,16.99201814058957,-1.736842105263158,4.0,Joanna_137
205,139.0,Joanna/4_139.mp3,Joanna,16.99201814058957,-1.4210526315789473,4.0,Joanna_139
206,142.0,Joanna/4_142.mp3,Joanna,16.99201814058957,-1.105263157894737,4.0,Joanna_142
207,144.0,Joanna/4_144.mp3,Joanna,16.99201814058957,-0.7894736842105265,4.0,Joanna_144
208,145.0,Joanna/4_145.mp3,Joanna,16.99201814058957,-0.47368421052631593,4.0,Joanna_145
209,148.0,Joanna/4_148.mp3,Joanna,16.99201814058957,-0.1578947368421053,4.0,Joanna_148
210,149.0,Joanna/4_149.mp3,Joanna,16.99201814058957,0.1578947368421053,4.0,Joanna_149
211,150.0,Joanna/4_150.mp3,Joanna,16.99201814058957,0.4736842105263155,4.0,Joanna_150
212,152.0,Joanna/4_152.mp3,Joanna,16.99201814058957,0.7894736842105261,4.0,Joanna_152
213,150.0,Joanna/4_150.mp3,Joanna,16.99201814058957,1.1052631578947363,4.0,Joanna_150
214,151.0,Joanna/4_151.mp3,Joanna,16.99201814058957,1.421052631578947,4.0,Joanna_151
215,152.0,Joanna/4_152.mp3,Joanna,16.99201814058957,1.7368421052631575,4.0,Joanna_152
216,154.0,Joanna/4_154.mp3,Joanna,16.99201814058957,2.052631578947368,4.0,Joanna_154
217,156.0,Joanna/4_156.mp3,Joanna,16.99201814058957,2.3684210526315788,4.0,Joanna_156
218,154.0,Joanna/4_154.mp3,Joanna,16.99201814058957,2.6842105263157894,4.0,Joanna_154
219,157.0,Joanna/4_157.mp3,Joanna,16.99201814058957,3.0,4.0,Joanna_157
220,129.0,Joanna/5_129.mp3,Joanna,21.288027210884355,-3.0,5.0,Joanna_129
221,131.0,Joanna/5_131.mp3,Joanna,21.288027210884355,-2.6842105263157894,5.0,Joanna_131
222,133.0,Joanna/5_133.mp3,Joanna,21.288027210884355,-2.3684210526315788,5.0,Joanna_133
223,134.0,Joanna/5_134.mp3,Joanna,21.288027210884355,-2.0526315789473686,5.0,Joanna_134
224,137.0,Joanna/5_137.mp3,Joanna,21.288027210884355,-1.736842105263158,5.0,Joanna_137
225,138.0,Joanna/5_138.mp3,Joanna,21.288027210884355,-1.4210526315789473,5.0,Joanna_138
226,140.0,Joanna/5_140.mp3,Joanna,21.288027210884355,-1.105263157894737,5.0,Joanna_140
227,141.0,Joanna/5_141.mp3,Joanna,21.288027210884355,-0.7894736842105265,5.0,Joanna_141
228,142.0,Joanna/5_142.mp3,Joanna,21.288027210884355,-0.47368421052631593,5.0,Joanna_142
229,144.0,Joanna/5_144.mp3,Joanna,21.288027210884355,-0.1578947368421053,5.0,Joanna_144
230,145.0,Joanna/5_145.mp3,Joanna,21.288027210884355,0.1578947368421053,5.0,Joanna_145
231,146.0,Joanna/5_146.mp3,Joanna,21.288027210884355,0.4736842105263155,5.0,Joanna_146
232,148.0,Joanna/5_148.mp3,Joanna,21.288027210884355,0.7894736842105261,5.0,Joanna_148
233,150.0,Joanna/5_150.mp3,Joanna,21.288027210884355,1.1052631578947363,5.0,Joanna_150
234,152.0,Joanna/5_152.mp3,Joanna,21.288027210884355,1.421052631578947,5.0,Joanna_152
235,153.0,Joanna/5_153.mp3,Joanna,21.288027210884355,1.7368421052631575,5.0,Joanna_153
236,153.0,Joanna/5_153.mp3,Joanna,21.288027210884355,2.052631578947368,5.0,Joanna_153
237,157.0,Joanna/5_157.mp3,Joanna,21.288027210884355,2.3684210526315788,5.0,Joanna_157
238,157.0,Joanna/5_157.mp3,Joanna,21.288027210884355,2.6842105263157894,5.0,Joanna_157
239,160.0,Joanna/5_160.mp3,Joanna,21.288027210884355,3.0,5.0,Joanna_160
240,136.0,Kimberly/0_136.mp3,Kimberly,14.08,-3.0,0.0,Kimberly_136
241,139.0,Kimberly/0_139.mp3,Kimberly,14.08,-2.6842105263157894,0.0,Kimberly_139
242,141.0,Kimberly/0_141.mp3,Kimberly,14.08,-2.3684210526315788,0.0,Kimberly_141
243,144.0,Kimberly/0_144.mp3,Kimberly,14.08,-2.0526315789473686,0.0,Kimberly_144
244,146.0,Kimberly/0_146.mp3,Kimberly,14.08,-1.736842105263158,0.0,Kimberly_146
245,148.0,Kimberly/0_148.mp3,Kimberly,14.08,-1.4210526315789473,0.0,Kimberly_148
246,151.0,Kimberly/0_151.mp3,Kimberly,14.08,-1.105263157894737,0.0,Kimberly_151
247,153.0,Kimberly/0_153.mp3,Kimberly,14.08,-0.7894736842105265,0.0,Kimberly_153
248,156.0,Kimberly/0_156.mp3,Kimberly,14.08,-0.47368421052631593,0.0,Kimberly_156
249,159.0,Kimberly/0_159.mp3,Kimberly,14.08,-0.1578947368421053,0.0,Kimberly_159
250,159.0,Kimberly/0_159.mp3,Kimberly,14.08,0.1578947368421053,0.0,Kimberly_159
251,162.0,Kimberly/0_162.mp3,Kimberly,14.08,0.4736842105263155,0.0,Kimberly_162
252,164.0,Kimberly/0_164.mp3,Kimberly,14.08,0.7894736842105261,0.0,Kimberly_164
253,165.0,Kimberly/0_165.mp3,Kimberly,14.08,1.1052631578947363,0.0,Kimberly_165
254,168.0,Kimberly/0_168.mp3,Kimberly,14.08,1.421052631578947,0.0,Kimberly_168
255,169.0,Kimberly/0_169.mp3,Kimberly,14.08,1.7368421052631575,0.0,Kimberly_169
256,170.0,Kimberly/0_170.mp3,Kimberly,14.08,2.052631578947368,0.0,Kimberly_170
257,171.0,Kimberly/0_171.mp3,Kimberly,14.08,2.3684210526315788,0.0,Kimberly_171
258,171.0,Kimberly/0_171.mp3,Kimberly,14.08,2.6842105263157894,0.0,Kimberly_171
259,173.0,Kimberly/0_173.mp3,Kimberly,14.08,3.0,0.0,Kimberly_173
260,134.0,Kimberly/1_134.mp3,Kimberly,13.844897959183674,-3.0,1.0,Kimberly_134
261,137.0,Kimberly/1_137.mp3,Kimberly,13.844897959183674,-2.6842105263157894,1.0,Kimberly_137
262,139.0,Kimberly/1_139.mp3,Kimberly,13.844897959183674,-2.3684210526315788,1.0,Kimberly_139
263,142.0,Kimberly/1_142.mp3,Kimberly,13.844897959183674,-2.0526315789473686,1.0,Kimberly_142
264,144.0,Kimberly/1_144.mp3,Kimberly,13.844897959183674,-1.736842105263158,1.0,Kimberly_144
265,146.0,Kimberly/1_146.mp3,Kimberly,13.844897959183674,-1.4210526315789473,1.0,Kimberly_146
266,149.0,Kimberly/1_149.mp3,Kimberly,13.844897959183674,-1.105263157894737,1.0,Kimberly_149
267,152.0,Kimberly/1_152.mp3,Kimberly,13.844897959183674,-0.7894736842105265,1.0,Kimberly_152
268,155.0,Kimberly/1_155.mp3,Kimberly,13.844897959183674,-0.47368421052631593,1.0,Kimberly_155
269,156.0,Kimberly/1_156.mp3,Kimberly,13.844897959183674,-0.1578947368421053,1.0,Kimberly_156
270,158.0,Kimberly/1_158.mp3,Kimberly,13.844897959183674,0.1578947368421053,1.0,Kimberly_158
271,160.0,Kimberly/1_160.mp3,Kimberly,13.844897959183674,0.4736842105263155,1.0,Kimberly_160
272,162.0,Kimberly/1_162.mp3,Kimberly,13.844897959183674,0.7894736842105261,1.0,Kimberly_162
273,165.0,Kimberly/1_165.mp3,Kimberly,13.844897959183674,1.1052631578947363,1.0,Kimberly_165
274,167.0,Kimberly/1_167.mp3,Kimberly,13.844897959183674,1.421052631578947,1.0,Kimberly_167
275,169.0,Kimberly/1_169.mp3,Kimberly,13.844897959183674,1.7368421052631575,1.0,Kimberly_169
276,170.0,Kimberly/1_170.mp3,Kimberly,13.844897959183674,2.052631578947368,1.0,Kimberly_170
277,169.0,Kimberly/1_169.mp3,Kimberly,13.844897959183674,2.3684210526315788,1.0,Kimberly_169
278,168.0,Kimberly/1_168.mp3,Kimberly,13.844897959183674,2.6842105263157894,1.0,Kimberly_168
279,166.0,Kimberly/1_166.mp3,Kimberly,13.844897959183674,3.0,1.0,Kimberly_166
280,136.0,Kimberly/2_136.mp3,Kimberly,14.053877551020408,-3.0,2.0,Kimberly_136
281,138.0,Kimberly/2_138.mp3,Kimberly,14.053877551020408,-2.6842105263157894,2.0,Kimberly_138
282,141.0,Kimberly/2_141.mp3,Kimberly,14.053877551020408,-2.3684210526315788,2.0,Kimberly_141
283,145.0,Kimberly/2_145.mp3,Kimberly,14.053877551020408,-2.0526315789473686,2.0,Kimberly_145
284,146.0,Kimberly/2_146.mp3,Kimberly,14.053877551020408,-1.736842105263158,2.0,Kimberly_146
285,147.0,Kimberly/2_147.mp3,Kimberly,14.053877551020408,-1.4210526315789473,2.0,Kimberly_147
286,150.0,Kimberly/2_150.mp3,Kimberly,14.053877551020408,-1.105263157894737,2.0,Kimberly_150
287,154.0,Kimberly/2_154.mp3,Kimberly,14.053877551020408,-0.7894736842105265,2.0,Kimberly_154
288,153.0,Kimberly/2_153.mp3,Kimberly,14.053877551020408,-0.47368421052631593,2.0,Kimberly_153
289,157.0,Kimberly/2_157.mp3,Kimberly,14.053877551020408,-0.1578947368421053,2.0,Kimberly_157
290,158.0,Kimberly/2_158.mp3,Kimberly,14.053877551020408,0.1578947368421053,2.0,Kimberly_158
291,160.0,Kimberly/2_160.mp3,Kimberly,14.053877551020408,0.4736842105263155,2.0,Kimberly_160
292,162.0,Kimberly/2_162.mp3,Kimberly,14.053877551020408,0.7894736842105261,2.0,Kimberly_162
293,162.0,Kimberly/2_162.mp3,Kimberly,14.053877551020408,1.1052631578947363,2.0,Kimberly_162
294,165.0,Kimberly/2_165.mp3,Kimberly,14.053877551020408,1.421052631578947,2.0,Kimberly_165
295,168.0,Kimberly/2_168.mp3,Kimberly,14.053877551020408,1.7368421052631575,2.0,Kimberly_168
296,171.0,Kimberly/2_171.mp3,Kimberly,14.053877551020408,2.052631578947368,2.0,Kimberly_171
297,172.0,Kimberly/2_172.mp3,Kimberly,14.053877551020408,2.3684210526315788,2.0,Kimberly_172
298,175.0,Kimberly/2_175.mp3,Kimberly,14.053877551020408,2.6842105263157894,2.0,Kimberly_175
299,174.0,Kimberly/2_174.mp3,Kimberly,14.053877551020408,3.0,2.0,Kimberly_174
300,140.0,Kimberly/3_140.mp3,Kimberly,19.77469387755102,-3.0,3.0,Kimberly_140
301,143.0,Kimberly/3_143.mp3,Kimberly,19.77469387755102,-2.6842105263157894,3.0,Kimberly_143
302,144.0,Kimberly/3_144.mp3,Kimberly,19.77469387755102,-2.3684210526315788,3.0,Kimberly_144
303,147.0,Kimberly/3_147.mp3,Kimberly,19.77469387755102,-2.0526315789473686,3.0,Kimberly_147
304,149.0,Kimberly/3_149.mp3,Kimberly,19.77469387755102,-1.736842105263158,3.0,Kimberly_149
305,151.0,Kimberly/3_151.mp3,Kimberly,19.77469387755102,-1.4210526315789473,3.0,Kimberly_151
306,153.0,Kimberly/3_153.mp3,Kimberly,19.77469387755102,-1.105263157894737,3.0,Kimberly_153
307,155.0,Kimberly/3_155.mp3,Kimberly,19.77469387755102,-0.7894736842105265,3.0,Kimberly_155
308,157.0,Kimberly/3_157.mp3,Kimberly,19.77469387755102,-0.47368421052631593,3.0,Kimberly_157
309,161.0,Kimberly/3_161.mp3,Kimberly,19.77469387755102,-0.1578947368421053,3.0,Kimberly_161
310,162.0,Kimberly/3_162.mp3,Kimberly,19.77469387755102,0.1578947368421053,3.0,Kimberly_162
311,165.0,Kimberly/3_165.mp3,Kimberly,19.77469387755102,0.4736842105263155,3.0,Kimberly_165
312,167.0,Kimberly/3_167.mp3,Kimberly,19.77469387755102,0.7894736842105261,3.0,Kimberly_167
313,168.0,Kimberly/3_168.mp3,Kimberly,19.77469387755102,1.1052631578947363,3.0,Kimberly_168
314,172.0,Kimberly/3_172.mp3,Kimberly,19.77469387755102,1.421052631578947,3.0,Kimberly_172
315,173.0,Kimberly/3_173.mp3,Kimberly,19.77469387755102,1.7368421052631575,3.0,Kimberly_173
316,174.0,Kimberly/3_174.mp3,Kimberly,19.77469387755102,2.052631578947368,3.0,Kimberly_174
317,174.0,Kimberly/3_174.mp3,Kimberly,19.77469387755102,2.3684210526315788,3.0,Kimberly_174
318,175.0,Kimberly/3_175.mp3,Kimberly,19.77469387755102,2.6842105263157894,3.0,Kimberly_175
319,169.0,Kimberly/3_169.mp3,Kimberly,19.77469387755102,3.0,3.0,Kimberly_169
320,135.0,Kimberly/4_135.mp3,Kimberly,18.311836734693877,-3.0,4.0,Kimberly_135
321,137.0,Kimberly/4_137.mp3,Kimberly,18.311836734693877,-2.6842105263157894,4.0,Kimberly_137
322,140.0,Kimberly/4_140.mp3,Kimberly,18.311836734693877,-2.3684210526315788,4.0,Kimberly_140
323,141.0,Kimberly/4_141.mp3,Kimberly,18.311836734693877,-2.0526315789473686,4.0,Kimberly_141
324,142.0,Kimberly/4_142.mp3,Kimberly,18.311836734693877,-1.736842105263158,4.0,Kimberly_142
325,145.0,Kimberly/4_145.mp3,Kimberly,18.311836734693877,-1.4210526315789473,4.0,Kimberly_145
326,147.0,Kimberly/4_147.mp3,Kimberly,18.311836734693877,-1.105263157894737,4.0,Kimberly_147
327,150.0,Kimberly/4_150.mp3,Kimberly,18.311836734693877,-0.7894736842105265,4.0,Kimberly_150
328,153.0,Kimberly/4_153.mp3,Kimberly,18.311836734693877,-0.47368421052631593,4.0,Kimberly_153
329,155.0,Kimberly/4_155.mp3,Kimberly,18.311836734693877,-0.1578947368421053,4.0,Kimberly_155
330,157.0,Kimberly/4_157.mp3,Kimberly,18.311836734693877,0.1578947368421053,4.0,Kimberly_157
331,159.0,Kimberly/4_159.mp3,Kimberly,18.311836734693877,0.4736842105263155,4.0,Kimberly_159
332,162.0,Kimberly/4_162.mp3,Kimberly,18.311836734693877,0.7894736842105261,4.0,Kimberly_162
333,162.0,Kimberly/4_162.mp3,Kimberly,18.311836734693877,1.1052631578947363,4.0,Kimberly_162
334,164.0,Kimberly/4_164.mp3,Kimberly,18.311836734693877,1.421052631578947,4.0,Kimberly_164
335,165.0,Kimberly/4_165.mp3,Kimberly,18.311836734693877,1.7368421052631575,4.0,Kimberly_165
336,168.0,Kimberly/4_168.mp3,Kimberly,18.311836734693877,2.052631578947368,4.0,Kimberly_168
337,169.0,Kimberly/4_169.mp3,Kimberly,18.311836734693877,2.3684210526315788,4.0,Kimberly_169
338,171.0,Kimberly/4_171.mp3,Kimberly,18.311836734693877,2.6842105263157894,4.0,Kimberly_171
339,172.0,Kimberly/4_172.mp3,Kimberly,18.311836734693877,3.0,4.0,Kimberly_172
340,137.0,Kimberly/5_137.mp3,Kimberly,23.32734693877551,-3.0,5.0,Kimberly_137
341,139.0,Kimberly/5_139.mp3,Kimberly,23.32734693877551,-2.6842105263157894,5.0,Kimberly_139
342,142.0,Kimberly/5_142.mp3,Kimberly,23.32734693877551,-2.3684210526315788,5.0,Kimberly_142
343,144.0,Kimberly/5_144.mp3,Kimberly,23.32734693877551,-2.0526315789473686,5.0,Kimberly_144
344,146.0,Kimberly/5_146.mp3,Kimberly,23.32734693877551,-1.736842105263158,5.0,Kimberly_146
345,147.0,Kimberly/5_147.mp3,Kimberly,23.32734693877551,-1.4210526315789473,5.0,Kimberly_147
346,149.0,Kimberly/5_149.mp3,Kimberly,23.32734693877551,-1.105263157894737,5.0,Kimberly_149
347,152.0,Kimberly/5_152.mp3,Kimberly,23.32734693877551,-0.7894736842105265,5.0,Kimberly_152
348,154.0,Kimberly/5_154.mp3,Kimberly,23.32734693877551,-0.47368421052631593,5.0,Kimberly_154
349,157.0,Kimberly/5_157.mp3,Kimberly,23.32734693877551,-0.1578947368421053,5.0,Kimberly_157
350,159.0,Kimberly/5_159.mp3,Kimberly,23.32734693877551,0.1578947368421053,5.0,Kimberly_159
351,160.0,Kimberly/5_160.mp3,Kimberly,23.32734693877551,0.4736842105263155,5.0,Kimberly_160
352,163.0,Kimberly/5_163.mp3,Kimberly,23.32734693877551,0.7894736842105261,5.0,Kimberly_163
353,165.0,Kimberly/5_165.mp3,Kimberly,23.32734693877551,1.1052631578947363,5.0,Kimberly_165
354,167.0,Kimberly/5_167.mp3,Kimberly,23.32734693877551,1.421052631578947,5.0,Kimberly_167
355,168.0,Kimberly/5_168.mp3,Kimberly,23.32734693877551,1.7368421052631575,5.0,Kimberly_168
356,166.0,Kimberly/5_166.mp3,Kimberly,23.32734693877551,2.052631578947368,5.0,Kimberly_166
357,167.0,Kimberly/5_167.mp3,Kimberly,23.32734693877551,2.3684210526315788,5.0,Kimberly_167
358,170.0,Kimberly/5_170.mp3,Kimberly,23.32734693877551,2.6842105263157894,5.0,Kimberly_170
359,166.0,Kimberly/5_166.mp3,Kimberly,23.32734693877551,3.0,5.0,Kimberly_166
360,124.0,Kendra/0_124.mp3,Kendra,13.609795918367347,-3.0,0.0,Kendra_124
361,126.0,Kendra/0_126.mp3,Kendra,13.609795918367347,-2.6842105263157894,0.0,Kendra_126
362,128.0,Kendra/0_128.mp3,Kendra,13.609795918367347,-2.3684210526315788,0.0,Kendra_128
363,131.0,Kendra/0_131.mp3,Kendra,13.609795918367347,-2.0526315789473686,0.0,Kendra_131
364,133.0,Kendra/0_133.mp3,Kendra,13.609795918367347,-1.736842105263158,0.0,Kendra_133
365,135.0,Kendra/0_135.mp3,Kendra,13.609795918367347,-1.4210526315789473,0.0,Kendra_135
366,137.0,Kendra/0_137.mp3,Kendra,13.609795918367347,-1.105263157894737,0.0,Kendra_137
367,140.0,Kendra/0_140.mp3,Kendra,13.609795918367347,-0.7894736842105265,0.0,Kendra_140
368,142.0,Kendra/0_142.mp3,Kendra,13.609795918367347,-0.47368421052631593,0.0,Kendra_142
369,144.0,Kendra/0_144.mp3,Kendra,13.609795918367347,-0.1578947368421053,0.0,Kendra_144
370,146.0,Kendra/0_146.mp3,Kendra,13.609795918367347,0.1578947368421053,0.0,Kendra_146
371,149.0,Kendra/0_149.mp3,Kendra,13.609795918367347,0.4736842105263155,0.0,Kendra_149
372,151.0,Kendra/0_151.mp3,Kendra,13.609795918367347,0.7894736842105261,0.0,Kendra_151
373,153.0,Kendra/0_153.mp3,Kendra,13.609795918367347,1.1052631578947363,0.0,Kendra_153
374,155.0,Kendra/0_155.mp3,Kendra,13.609795918367347,1.421052631578947,0.0,Kendra_155
375,157.0,Kendra/0_157.mp3,Kendra,13.609795918367347,1.7368421052631575,0.0,Kendra_157
376,160.0,Kendra/0_160.mp3,Kendra,13.609795918367347,2.052631578947368,0.0,Kendra_160
377,162.0,Kendra/0_162.mp3,Kendra,13.609795918367347,2.3684210526315788,0.0,Kendra_162
378,164.0,Kendra/0_164.mp3,Kendra,13.609795918367347,2.6842105263157894,0.0,Kendra_164
379,165.0,Kendra/0_165.mp3,Kendra,13.609795918367347,3.0,0.0,Kendra_165
380,124.0,Kendra/1_124.mp3,Kendra,14.106122448979592,-3.0,1.0,Kendra_124
381,126.0,Kendra/1_126.mp3,Kendra,14.106122448979592,-2.6842105263157894,1.0,Kendra_126
382,128.0,Kendra/1_128.mp3,Kendra,14.106122448979592,-2.3684210526315788,1.0,Kendra_128
383,132.0,Kendra/1_132.mp3,Kendra,14.106122448979592,-2.0526315789473686,1.0,Kendra_132
384,133.0,Kendra/1_133.mp3,Kendra,14.106122448979592,-1.736842105263158,1.0,Kendra_133
385,135.0,Kendra/1_135.mp3,Kendra,14.106122448979592,-1.4210526315789473,1.0,Kendra_135
386,138.0,Kendra/1_138.mp3,Kendra,14.106122448979592,-1.105263157894737,1.0,Kendra_138
387,141.0,Kendra/1_141.mp3,Kendra,14.106122448979592,-0.7894736842105265,1.0,Kendra_141
388,145.0,Kendra/1_145.mp3,Kendra,14.106122448979592,-0.47368421052631593,1.0,Kendra_145
389,147.0,Kendra/1_147.mp3,Kendra,14.106122448979592,-0.1578947368421053,1.0,Kendra_147
390,149.0,Kendra/1_149.mp3,Kendra,14.106122448979592,0.1578947368421053,1.0,Kendra_149
391,151.0,Kendra/1_151.mp3,Kendra,14.106122448979592,0.4736842105263155,1.0,Kendra_151
392,154.0,Kendra/1_154.mp3,Kendra,14.106122448979592,0.7894736842105261,1.0,Kendra_154
393,156.0,Kendra/1_156.mp3,Kendra,14.106122448979592,1.1052631578947363,1.0,Kendra_156
394,158.0,Kendra/1_158.mp3,Kendra,14.106122448979592,1.421052631578947,1.0,Kendra_158
395,156.0,Kendra/1_156.mp3,Kendra,14.106122448979592,1.7368421052631575,1.0,Kendra_156
396,158.0,Kendra/1_158.mp3,Kendra,14.106122448979592,2.052631578947368,1.0,Kendra_158
397,160.0,Kendra/1_160.mp3,Kendra,14.106122448979592,2.3684210526315788,1.0,Kendra_160
398,162.0,Kendra/1_162.mp3,Kendra,14.106122448979592,2.6842105263157894,1.0,Kendra_162
399,165.0,Kendra/1_165.mp3,Kendra,14.106122448979592,3.0,1.0,Kendra_165
400,131.0,Kendra/2_131.mp3,Kendra,14.680816326530612,-3.0,2.0,Kendra_131
401,133.0,Kendra/2_133.mp3,Kendra,14.680816326530612,-2.6842105263157894,2.0,Kendra_133
402,135.0,Kendra/2_135.mp3,Kendra,14.680816326530612,-2.3684210526315788,2.0,Kendra_135
403,138.0,Kendra/2_138.mp3,Kendra,14.680816326530612,-2.0526315789473686,2.0,Kendra_138
404,141.0,Kendra/2_141.mp3,Kendra,14.680816326530612,-1.736842105263158,2.0,Kendra_141
405,143.0,Kendra/2_143.mp3,Kendra,14.680816326530612,-1.4210526315789473,2.0,Kendra_143
406,146.0,Kendra/2_146.mp3,Kendra,14.680816326530612,-1.105263157894737,2.0,Kendra_146
407,147.0,Kendra/2_147.mp3,Kendra,14.680816326530612,-0.7894736842105265,2.0,Kendra_147
408,150.0,Kendra/2_150.mp3,Kendra,14.680816326530612,-0.47368421052631593,2.0,Kendra_150
409,152.0,Kendra/2_152.mp3,Kendra,14.680816326530612,-0.1578947368421053,2.0,Kendra_152
410,153.0,Kendra/2_153.mp3,Kendra,14.680816326530612,0.1578947368421053,2.0,Kendra_153
411,156.0,Kendra/2_156.mp3,Kendra,14.680816326530612,0.4736842105263155,2.0,Kendra_156
412,157.0,Kendra/2_157.mp3,Kendra,14.680816326530612,0.7894736842105261,2.0,Kendra_157
413,157.0,Kendra/2_157.mp3,Kendra,14.680816326530612,1.1052631578947363,2.0,Kendra_157
414,158.0,Kendra/2_158.mp3,Kendra,14.680816326530612,1.421052631578947,2.0,Kendra_158
415,159.0,Kendra/2_159.mp3,Kendra,14.680816326530612,1.7368421052631575,2.0,Kendra_159
416,162.0,Kendra/2_162.mp3,Kendra,14.680816326530612,2.052631578947368,2.0,Kendra_162
417,162.0,Kendra/2_162.mp3,Kendra,14.680816326530612,2.3684210526315788,2.0,Kendra_162
418,165.0,Kendra/2_165.mp3,Kendra,14.680816326530612,2.6842105263157894,2.0,Kendra_165
419,166.0,Kendra/2_166.mp3,Kendra,14.680816326530612,3.0,2.0,Kendra_166
420,123.0,Kendra/3_123.mp3,Kendra,19.983673469387757,-3.0,3.0,Kendra_123
421,126.0,Kendra/3_126.mp3,Kendra,19.983673469387757,-2.6842105263157894,3.0,Kendra_126
422,128.0,Kendra/3_128.mp3,Kendra,19.983673469387757,-2.3684210526315788,3.0,Kendra_128
423,130.0,Kendra/3_130.mp3,Kendra,19.983673469387757,-2.0526315789473686,3.0,Kendra_130
424,133.0,Kendra/3_133.mp3,Kendra,19.983673469387757,-1.736842105263158,3.0,Kendra_133
425,135.0,Kendra/3_135.mp3,Kendra,19.983673469387757,-1.4210526315789473,3.0,Kendra_135
426,138.0,Kendra/3_138.mp3,Kendra,19.983673469387757,-1.105263157894737,3.0,Kendra_138
427,140.0,Kendra/3_140.mp3,Kendra,19.983673469387757,-0.7894736842105265,3.0,Kendra_140
428,142.0,Kendra/3_142.mp3,Kendra,19.983673469387757,-0.47368421052631593,3.0,Kendra_142
429,145.0,Kendra/3_145.mp3,Kendra,19.983673469387757,-0.1578947368421053,3.0,Kendra_145
430,146.0,Kendra/3_146.mp3,Kendra,19.983673469387757,0.1578947368421053,3.0,Kendra_146
431,148.0,Kendra/3_148.mp3,Kendra,19.983673469387757,0.4736842105263155,3.0,Kendra_148
432,151.0,Kendra/3_151.mp3,Kendra,19.983673469387757,0.7894736842105261,3.0,Kendra_151
433,153.0,Kendra/3_153.mp3,Kendra,19.983673469387757,1.1052631578947363,3.0,Kendra_153
434,156.0,Kendra/3_156.mp3,Kendra,19.983673469387757,1.421052631578947,3.0,Kendra_156
435,158.0,Kendra/3_158.mp3,Kendra,19.983673469387757,1.7368421052631575,3.0,Kendra_158
436,161.0,Kendra/3_161.mp3,Kendra,19.983673469387757,2.052631578947368,3.0,Kendra_161
437,164.0,Kendra/3_164.mp3,Kendra,19.983673469387757,2.3684210526315788,3.0,Kendra_164
438,167.0,Kendra/3_167.mp3,Kendra,19.983673469387757,2.6842105263157894,3.0,Kendra_167
439,169.0,Kendra/3_169.mp3,Kendra,19.983673469387757,3.0,3.0,Kendra_169
440,122.0,Kendra/4_122.mp3,Kendra,18.729795918367348,-3.0,4.0,Kendra_122
441,125.0,Kendra/4_125.mp3,Kendra,18.729795918367348,-2.6842105263157894,4.0,Kendra_125
442,128.0,Kendra/4_128.mp3,Kendra,18.729795918367348,-2.3684210526315788,4.0,Kendra_128
443,129.0,Kendra/4_129.mp3,Kendra,18.729795918367348,-2.0526315789473686,4.0,Kendra_129
444,131.0,Kendra/4_131.mp3,Kendra,18.729795918367348,-1.736842105263158,4.0,Kendra_131
445,134.0,Kendra/4_134.mp3,Kendra,18.729795918367348,-1.4210526315789473,4.0,Kendra_134
446,136.0,Kendra/4_136.mp3,Kendra,18.729795918367348,-1.105263157894737,4.0,Kendra_136
447,138.0,Kendra/4_138.mp3,Kendra,18.729795918367348,-0.7894736842105265,4.0,Kendra_138
448,140.0,Kendra/4_140.mp3,Kendra,18.729795918367348,-0.47368421052631593,4.0,Kendra_140
449,143.0,Kendra/4_143.mp3,Kendra,18.729795918367348,-0.1578947368421053,4.0,Kendra_143
450,144.0,Kendra/4_144.mp3,Kendra,18.729795918367348,0.1578947368421053,4.0,Kendra_144
451,148.0,Kendra/4_148.mp3,Kendra,18.729795918367348,0.4736842105263155,4.0,Kendra_148
452,150.0,Kendra/4_150.mp3,Kendra,18.729795918367348,0.7894736842105261,4.0,Kendra_150
453,153.0,Kendra/4_153.mp3,Kendra,18.729795918367348,1.1052631578947363,4.0,Kendra_153
454,156.0,Kendra/4_156.mp3,Kendra,18.729795918367348,1.421052631578947,4.0,Kendra_156
455,157.0,Kendra/4_157.mp3,Kendra,18.729795918367348,1.7368421052631575,4.0,Kendra_157
456,160.0,Kendra/4_160.mp3,Kendra,18.729795918367348,2.052631578947368,4.0,Kendra_160
457,161.0,Kendra/4_161.mp3,Kendra,18.729795918367348,2.3684210526315788,4.0,Kendra_161
458,164.0,Kendra/4_164.mp3,Kendra,18.729795918367348,2.6842105263157894,4.0,Kendra_164
459,166.0,Kendra/4_166.mp3,Kendra,18.729795918367348,3.0,4.0,Kendra_166
460,126.0,Kendra/5_126.mp3,Kendra,23.092244897959183,-3.0,5.0,Kendra_126
461,129.0,Kendra/5_129.mp3,Kendra,23.092244897959183,-2.6842105263157894,5.0,Kendra_129
462,132.0,Kendra/5_132.mp3,Kendra,23.092244897959183,-2.3684210526315788,5.0,Kendra_132
463,133.0,Kendra/5_133.mp3,Kendra,23.092244897959183,-2.0526315789473686,5.0,Kendra_133
464,135.0,Kendra/5_135.mp3,Kendra,23.092244897959183,-1.736842105263158,5.0,Kendra_135
465,136.0,Kendra/5_136.mp3,Kendra,23.092244897959183,-1.4210526315789473,5.0,Kendra_136
466,138.0,Kendra/5_138.mp3,Kendra,23.092244897959183,-1.105263157894737,5.0,Kendra_138
467,141.0,Kendra/5_141.mp3,Kendra,23.092244897959183,-0.7894736842105265,5.0,Kendra_141
468,144.0,Kendra/5_144.mp3,Kendra,23.092244897959183,-0.47368421052631593,5.0,Kendra_144
469,146.0,Kendra/5_146.mp3,Kendra,23.092244897959183,-0.1578947368421053,5.0,Kendra_146
470,148.0,Kendra/5_148.mp3,Kendra,23.092244897959183,0.1578947368421053,5.0,Kendra_148
471,151.0,Kendra/5_151.mp3,Kendra,23.092244897959183,0.4736842105263155,5.0,Kendra_151
472,153.0,Kendra/5_153.mp3,Kendra,23.092244897959183,0.7894736842105261,5.0,Kendra_153
473,155.0,Kendra/5_155.mp3,Kendra,23.092244897959183,1.1052631578947363,5.0,Kendra_155
474,158.0,Kendra/5_158.mp3,Kendra,23.092244897959183,1.421052631578947,5.0,Kendra_158
475,161.0,Kendra/5_161.mp3,Kendra,23.092244897959183,1.7368421052631575,5.0,Kendra_161
476,162.0,Kendra/5_162.mp3,Kendra,23.092244897959183,2.052631578947368,5.0,Kendra_162
477,164.0,Kendra/5_164.mp3,Kendra,23.092244897959183,2.3684210526315788,5.0,Kendra_164
478,166.0,Kendra/5_166.mp3,Kendra,23.092244897959183,2.6842105263157894,5.0,Kendra_166
479,168.0,Kendra/5_168.mp3,Kendra,23.092244897959183,3.0,5.0,Kendra_168
480,81.0,Matthew/0_81.mp3,Matthew,11.284897959183674,-3.0,0.0,Matthew_81
481,83.0,Matthew/0_83.mp3,Matthew,11.284897959183674,-2.6842105263157894,0.0,Matthew_83
482,84.0,Matthew/0_84.mp3,Matthew,11.284897959183674,-2.3684210526315788,0.0,Matthew_84
483,86.0,Matthew/0_86.mp3,Matthew,11.284897959183674,-2.0526315789473686,0.0,Matthew_86
484,86.0,Matthew/0_86.mp3,Matthew,11.284897959183674,-1.736842105263158,0.0,Matthew_86
485,88.0,Matthew/0_88.mp3,Matthew,11.284897959183674,-1.4210526315789473,0.0,Matthew_88
486,88.0,Matthew/0_88.mp3,Matthew,11.284897959183674,-1.105263157894737,0.0,Matthew_88
487,90.0,Matthew/0_90.mp3,Matthew,11.284897959183674,-0.7894736842105265,0.0,Matthew_90
488,92.0,Matthew/0_92.mp3,Matthew,11.284897959183674,-0.47368421052631593,0.0,Matthew_92
489,93.0,Matthew/0_93.mp3,Matthew,11.284897959183674,-0.1578947368421053,0.0,Matthew_93
490,94.0,Matthew/0_94.mp3,Matthew,11.284897959183674,0.1578947368421053,0.0,Matthew_94
491,96.0,Matthew/0_96.mp3,Matthew,11.284897959183674,0.4736842105263155,0.0,Matthew_96
492,98.0,Matthew/0_98.mp3,Matthew,11.284897959183674,0.7894736842105261,0.0,Matthew_98
493,101.0,Matthew/0_101.mp3,Matthew,11.284897959183674,1.1052631578947363,0.0,Matthew_101
494,101.0,Matthew/0_101.mp3,Matthew,11.284897959183674,1.421052631578947,0.0,Matthew_101
495,103.0,Matthew/0_103.mp3,Matthew,11.284897959183674,1.7368421052631575,0.0,Matthew_103
496,105.0,Matthew/0_105.mp3,Matthew,11.284897959183674,2.052631578947368,0.0,Matthew_105
497,107.0,Matthew/0_107.mp3,Matthew,11.284897959183674,2.3684210526315788,0.0,Matthew_107
498,110.0,Matthew/0_110.mp3,Matthew,11.284897959183674,2.6842105263157894,0.0,Matthew_110
499,112.0,Matthew/0_112.mp3,Matthew,11.284897959183674,3.0,0.0,Matthew_112
500,81.0,Matthew/1_81.mp3,Matthew,11.415510204081633,-3.0,1.0,Matthew_81
501,83.0,Matthew/1_83.mp3,Matthew,11.415510204081633,-2.6842105263157894,1.0,Matthew_83
502,84.0,Matthew/1_84.mp3,Matthew,11.415510204081633,-2.3684210526315788,1.0,Matthew_84
503,85.0,Matthew/1_85.mp3,Matthew,11.415510204081633,-2.0526315789473686,1.0,Matthew_85
504,87.0,Matthew/1_87.mp3,Matthew,11.415510204081633,-1.736842105263158,1.0,Matthew_87
505,87.0,Matthew/1_87.mp3,Matthew,11.415510204081633,-1.4210526315789473,1.0,Matthew_87
506,90.0,Matthew/1_90.mp3,Matthew,11.415510204081633,-1.105263157894737,1.0,Matthew_90
507,91.0,Matthew/1_91.mp3,Matthew,11.415510204081633,-0.7894736842105265,1.0,Matthew_91
508,93.0,Matthew/1_93.mp3,Matthew,11.415510204081633,-0.47368421052631593,1.0,Matthew_93
509,94.0,Matthew/1_94.mp3,Matthew,11.415510204081633,-0.1578947368421053,1.0,Matthew_94
510,96.0,Matthew/1_96.mp3,Matthew,11.415510204081633,0.1578947368421053,1.0,Matthew_96
511,98.0,Matthew/1_98.mp3,Matthew,11.415510204081633,0.4736842105263155,1.0,Matthew_98
512,100.0,Matthew/1_100.mp3,Matthew,11.415510204081633,0.7894736842105261,1.0,Matthew_100
513,101.0,Matthew/1_101.mp3,Matthew,11.415510204081633,1.1052631578947363,1.0,Matthew_101
514,103.0,Matthew/1_103.mp3,Matthew,11.415510204081633,1.421052631578947,1.0,Matthew_103
515,105.0,Matthew/1_105.mp3,Matthew,11.415510204081633,1.7368421052631575,1.0,Matthew_105
516,107.0,Matthew/1_107.mp3,Matthew,11.415510204081633,2.052631578947368,1.0,Matthew_107
517,109.0,Matthew/1_109.mp3,Matthew,11.415510204081633,2.3684210526315788,1.0,Matthew_109
518,111.0,Matthew/1_111.mp3,Matthew,11.415510204081633,2.6842105263157894,1.0,Matthew_111
519,114.0,Matthew/1_114.mp3,Matthew,11.415510204081633,3.0,1.0,Matthew_114
520,82.0,Matthew/2_82.mp3,Matthew,12.120816326530612,-3.0,2.0,Matthew_82
521,85.0,Matthew/2_85.mp3,Matthew,12.120816326530612,-2.6842105263157894,2.0,Matthew_85
522,86.0,Matthew/2_86.mp3,Matthew,12.120816326530612,-2.3684210526315788,2.0,Matthew_86
523,87.0,Matthew/2_87.mp3,Matthew,12.120816326530612,-2.0526315789473686,2.0,Matthew_87
524,89.0,Matthew/2_89.mp3,Matthew,12.120816326530612,-1.736842105263158,2.0,Matthew_89
525,91.0,Matthew/2_91.mp3,Matthew,12.120816326530612,-1.4210526315789473,2.0,Matthew_91
526,91.0,Matthew/2_91.mp3,Matthew,12.120816326530612,-1.105263157894737,2.0,Matthew_91
527,92.0,Matthew/2_92.mp3,Matthew,12.120816326530612,-0.7894736842105265,2.0,Matthew_92
528,95.0,Matthew/2_95.mp3,Matthew,12.120816326530612,-0.47368421052631593,2.0,Matthew_95
529,96.0,Matthew/2_96.mp3,Matthew,12.120816326530612,-0.1578947368421053,2.0,Matthew_96
530,95.0,Matthew/2_95.mp3,Matthew,12.120816326530612,0.1578947368421053,2.0,Matthew_95
531,98.0,Matthew/2_98.mp3,Matthew,12.120816326530612,0.4736842105263155,2.0,Matthew_98
532,100.0,Matthew/2_100.mp3,Matthew,12.120816326530612,0.7894736842105261,2.0,Matthew_100
533,102.0,Matthew/2_102.mp3,Matthew,12.120816326530612,1.1052631578947363,2.0,Matthew_102
534,103.0,Matthew/2_103.mp3,Matthew,12.120816326530612,1.421052631578947,2.0,Matthew_103
535,104.0,Matthew/2_104.mp3,Matthew,12.120816326530612,1.7368421052631575,2.0,Matthew_104
536,109.0,Matthew/2_109.mp3,Matthew,12.120816326530612,2.052631578947368,2.0,Matthew_109
537,110.0,Matthew/2_110.mp3,Matthew,12.120816326530612,2.3684210526315788,2.0,Matthew_110
538,111.0,Matthew/2_111.mp3,Matthew,12.120816326530612,2.6842105263157894,2.0,Matthew_111
539,115.0,Matthew/2_115.mp3,Matthew,12.120816326530612,3.0,2.0,Matthew_115
540,80.0,Matthew/3_80.mp3,Matthew,16.61387755102041,-3.0,3.0,Matthew_80
541,82.0,Matthew/3_82.mp3,Matthew,16.61387755102041,-2.6842105263157894,3.0,Matthew_82
542,82.0,Matthew/3_82.mp3,Matthew,16.61387755102041,-2.3684210526315788,3.0,Matthew_82
543,83.0,Matthew/3_83.mp3,Matthew,16.61387755102041,-2.0526315789473686,3.0,Matthew_83
544,84.0,Matthew/3_84.mp3,Matthew,16.61387755102041,-1.736842105263158,3.0,Matthew_84
545,87.0,Matthew/3_87.mp3,Matthew,16.61387755102041,-1.4210526315789473,3.0,Matthew_87
546,88.0,Matthew/3_88.mp3,Matthew,16.61387755102041,-1.105263157894737,3.0,Matthew_88
547,90.0,Matthew/3_90.mp3,Matthew,16.61387755102041,-0.7894736842105265,3.0,Matthew_90
548,92.0,Matthew/3_92.mp3,Matthew,16.61387755102041,-0.47368421052631593,3.0,Matthew_92
549,93.0,Matthew/3_93.mp3,Matthew,16.61387755102041,-0.1578947368421053,3.0,Matthew_93
550,94.0,Matthew/3_94.mp3,Matthew,16.61387755102041,0.1578947368421053,3.0,Matthew_94
551,95.0,Matthew/3_95.mp3,Matthew,16.61387755102041,0.4736842105263155,3.0,Matthew_95
552,98.0,Matthew/3_98.mp3,Matthew,16.61387755102041,0.7894736842105261,3.0,Matthew_98
553,100.0,Matthew/3_100.mp3,Matthew,16.61387755102041,1.1052631578947363,3.0,Matthew_100
554,101.0,Matthew/3_101.mp3,Matthew,16.61387755102041,1.421052631578947,3.0,Matthew_101
555,102.0,Matthew/3_102.mp3,Matthew,16.61387755102041,1.7368421052631575,3.0,Matthew_102
556,104.0,Matthew/3_104.mp3,Matthew,16.61387755102041,2.052631578947368,3.0,Matthew_104
557,106.0,Matthew/3_106.mp3,Matthew,16.61387755102041,2.3684210526315788,3.0,Matthew_106
558,108.0,Matthew/3_108.mp3,Matthew,16.61387755102041,2.6842105263157894,3.0,Matthew_108
559,111.0,Matthew/3_111.mp3,Matthew,16.61387755102041,3.0,3.0,Matthew_111
560,82.0,Matthew/4_82.mp3,Matthew,15.699591836734694,-3.0,4.0,Matthew_82
561,83.0,Matthew/4_83.mp3,Matthew,15.699591836734694,-2.6842105263157894,4.0,Matthew_83
562,85.0,Matthew/4_85.mp3,Matthew,15.699591836734694,-2.3684210526315788,4.0,Matthew_85
563,87.0,Matthew/4_87.mp3,Matthew,15.699591836734694,-2.0526315789473686,4.0,Matthew_87
564,88.0,Matthew/4_88.mp3,Matthew,15.699591836734694,-1.736842105263158,4.0,Matthew_88
565,89.0,Matthew/4_89.mp3,Matthew,15.699591836734694,-1.4210526315789473,4.0,Matthew_89
566,91.0,Matthew/4_91.mp3,Matthew,15.699591836734694,-1.105263157894737,4.0,Matthew_91
567,92.0,Matthew/4_92.mp3,Matthew,15.699591836734694,-0.7894736842105265,4.0,Matthew_92
568,95.0,Matthew/4_95.mp3,Matthew,15.699591836734694,-0.47368421052631593,4.0,Matthew_95
569,97.0,Matthew/4_97.mp3,Matthew,15.699591836734694,-0.1578947368421053,4.0,Matthew_97
570,98.0,Matthew/4_98.mp3,Matthew,15.699591836734694,0.1578947368421053,4.0,Matthew_98
571,99.0,Matthew/4_99.mp3,Matthew,15.699591836734694,0.4736842105263155,4.0,Matthew_99
572,101.0,Matthew/4_101.mp3,Matthew,15.699591836734694,0.7894736842105261,4.0,Matthew_101
573,103.0,Matthew/4_103.mp3,Matthew,15.699591836734694,1.1052631578947363,4.0,Matthew_103
574,106.0,Matthew/4_106.mp3,Matthew,15.699591836734694,1.421052631578947,4.0,Matthew_106
575,107.0,Matthew/4_107.mp3,Matthew,15.699591836734694,1.7368421052631575,4.0,Matthew_107
576,110.0,Matthew/4_110.mp3,Matthew,15.699591836734694,2.052631578947368,4.0,Matthew_110
577,112.0,Matthew/4_112.mp3,Matthew,15.699591836734694,2.3684210526315788,4.0,Matthew_112
578,113.0,Matthew/4_113.mp3,Matthew,15.699591836734694,2.6842105263157894,4.0,Matthew_113
579,116.0,Matthew/4_116.mp3,Matthew,15.699591836734694,3.0,4.0,Matthew_116
580,83.0,Matthew/5_83.mp3,Matthew,19.304489795918368,-3.0,5.0,Matthew_83
581,84.0,Matthew/5_84.mp3,Matthew,19.304489795918368,-2.6842105263157894,5.0,Matthew_84
582,86.0,Matthew/5_86.mp3,Matthew,19.304489795918368,-2.3684210526315788,5.0,Matthew_86
583,88.0,Matthew/5_88.mp3,Matthew,19.304489795918368,-2.0526315789473686,5.0,Matthew_88
584,88.0,Matthew/5_88.mp3,Matthew,19.304489795918368,-1.736842105263158,5.0,Matthew_88
585,90.0,Matthew/5_90.mp3,Matthew,19.304489795918368,-1.4210526315789473,5.0,Matthew_90
586,92.0,Matthew/5_92.mp3,Matthew,19.304489795918368,-1.105263157894737,5.0,Matthew_92
587,95.0,Matthew/5_95.mp3,Matthew,19.304489795918368,-0.7894736842105265,5.0,Matthew_95
588,95.0,Matthew/5_95.mp3,Matthew,19.304489795918368,-0.47368421052631593,5.0,Matthew_95
589,97.0,Matthew/5_97.mp3,Matthew,19.304489795918368,-0.1578947368421053,5.0,Matthew_97
590,99.0,Matthew/5_99.mp3,Matthew,19.304489795918368,0.1578947368421053,5.0,Matthew_99
591,99.0,Matthew/5_99.mp3,Matthew,19.304489795918368,0.4736842105263155,5.0,Matthew_99
592,102.0,Matthew/5_102.mp3,Matthew,19.304489795918368,0.7894736842105261,5.0,Matthew_102
593,104.0,Matthew/5_104.mp3,Matthew,19.304489795918368,1.1052631578947363,5.0,Matthew_104
594,105.0,Matthew/5_105.mp3,Matthew,19.304489795918368,1.421052631578947,5.0,Matthew_105
595,108.0,Matthew/5_108.mp3,Matthew,19.304489795918368,1.7368421052631575,5.0,Matthew_108
596,110.0,Matthew/5_110.mp3,Matthew,19.304489795918368,2.052631578947368,5.0,Matthew_110
597,113.0,Matthew/5_113.mp3,Matthew,19.304489795918368,2.3684210526315788,5.0,Matthew_113
598,116.0,Matthew/5_116.mp3,Matthew,19.304489795918368,2.6842105263157894,5.0,Matthew_116
599,119.0,Matthew/5_119.mp3,Matthew,19.304489795918368,3.0,5.0,Matthew_119
600,86.0,Joey/0_86.mp3,Joey,12.956734693877552,-3.0,0.0,Joey_86
601,89.0,Joey/0_89.mp3,Joey,12.956734693877552,-2.6842105263157894,0.0,Joey_89
602,90.0,Joey/0_90.mp3,Joey,12.956734693877552,-2.3684210526315788,0.0,Joey_90
603,91.0,Joey/0_91.mp3,Joey,12.956734693877552,-2.0526315789473686,0.0,Joey_91
604,94.0,Joey/0_94.mp3,Joey,12.956734693877552,-1.736842105263158,0.0,Joey_94
605,95.0,Joey/0_95.mp3,Joey,12.956734693877552,-1.4210526315789473,0.0,Joey_95
606,97.0,Joey/0_97.mp3,Joey,12.956734693877552,-1.105263157894737,0.0,Joey_97
607,99.0,Joey/0_99.mp3,Joey,12.956734693877552,-0.7894736842105265,0.0,Joey_99
608,101.0,Joey/0_101.mp3,Joey,12.956734693877552,-0.47368421052631593,0.0,Joey_101
609,103.0,Joey/0_103.mp3,Joey,12.956734693877552,-0.1578947368421053,0.0,Joey_103
610,104.0,Joey/0_104.mp3,Joey,12.956734693877552,0.1578947368421053,0.0,Joey_104
611,106.0,Joey/0_106.mp3,Joey,12.956734693877552,0.4736842105263155,0.0,Joey_106
612,108.0,Joey/0_108.mp3,Joey,12.956734693877552,0.7894736842105261,0.0,Joey_108
613,109.0,Joey/0_109.mp3,Joey,12.956734693877552,1.1052631578947363,0.0,Joey_109
614,112.0,Joey/0_112.mp3,Joey,12.956734693877552,1.421052631578947,0.0,Joey_112
615,113.0,Joey/0_113.mp3,Joey,12.956734693877552,1.7368421052631575,0.0,Joey_113
616,116.0,Joey/0_116.mp3,Joey,12.956734693877552,2.052631578947368,0.0,Joey_116
617,119.0,Joey/0_119.mp3,Joey,12.956734693877552,2.3684210526315788,0.0,Joey_119
618,121.0,Joey/0_121.mp3,Joey,12.956734693877552,2.6842105263157894,0.0,Joey_121
619,123.0,Joey/0_123.mp3,Joey,12.956734693877552,3.0,0.0,Joey_123
620,90.0,Joey/1_90.mp3,Joey,13.453061224489796,-3.0,1.0,Joey_90
621,91.0,Joey/1_91.mp3,Joey,13.453061224489796,-2.6842105263157894,1.0,Joey_91
622,93.0,Joey/1_93.mp3,Joey,13.453061224489796,-2.3684210526315788,1.0,Joey_93
623,95.0,Joey/1_95.mp3,Joey,13.453061224489796,-2.0526315789473686,1.0,Joey_95
624,96.0,Joey/1_96.mp3,Joey,13.453061224489796,-1.736842105263158,1.0,Joey_96
625,97.0,Joey/1_97.mp3,Joey,13.453061224489796,-1.4210526315789473,1.0,Joey_97
626,100.0,Joey/1_100.mp3,Joey,13.453061224489796,-1.105263157894737,1.0,Joey_100
627,102.0,Joey/1_102.mp3,Joey,13.453061224489796,-0.7894736842105265,1.0,Joey_102
628,105.0,Joey/1_105.mp3,Joey,13.453061224489796,-0.47368421052631593,1.0,Joey_105
629,106.0,Joey/1_106.mp3,Joey,13.453061224489796,-0.1578947368421053,1.0,Joey_106
630,108.0,Joey/1_108.mp3,Joey,13.453061224489796,0.1578947368421053,1.0,Joey_108
631,110.0,Joey/1_110.mp3,Joey,13.453061224489796,0.4736842105263155,1.0,Joey_110
632,112.0,Joey/1_112.mp3,Joey,13.453061224489796,0.7894736842105261,1.0,Joey_112
633,114.0,Joey/1_114.mp3,Joey,13.453061224489796,1.1052631578947363,1.0,Joey_114
634,117.0,Joey/1_117.mp3,Joey,13.453061224489796,1.421052631578947,1.0,Joey_117
635,118.0,Joey/1_118.mp3,Joey,13.453061224489796,1.7368421052631575,1.0,Joey_118
636,121.0,Joey/1_121.mp3,Joey,13.453061224489796,2.052631578947368,1.0,Joey_121
637,123.0,Joey/1_123.mp3,Joey,13.453061224489796,2.3684210526315788,1.0,Joey_123
638,124.0,Joey/1_124.mp3,Joey,13.453061224489796,2.6842105263157894,1.0,Joey_124
639,128.0,Joey/1_128.mp3,Joey,13.453061224489796,3.0,1.0,Joey_128
640,86.0,Joey/2_86.mp3,Joey,13.949387755102041,-3.0,2.0,Joey_86
641,89.0,Joey/2_89.mp3,Joey,13.949387755102041,-2.6842105263157894,2.0,Joey_89
642,90.0,Joey/2_90.mp3,Joey,13.949387755102041,-2.3684210526315788,2.0,Joey_90
643,93.0,Joey/2_93.mp3,Joey,13.949387755102041,-2.0526315789473686,2.0,Joey_93
644,94.0,Joey/2_94.mp3,Joey,13.949387755102041,-1.736842105263158,2.0,Joey_94
645,96.0,Joey/2_96.mp3,Joey,13.949387755102041,-1.4210526315789473,2.0,Joey_96
646,98.0,Joey/2_98.mp3,Joey,13.949387755102041,-1.105263157894737,2.0,Joey_98
647,100.0,Joey/2_100.mp3,Joey,13.949387755102041,-0.7894736842105265,2.0,Joey_100
648,101.0,Joey/2_101.mp3,Joey,13.949387755102041,-0.47368421052631593,2.0,Joey_101
649,103.0,Joey/2_103.mp3,Joey,13.949387755102041,-0.1578947368421053,2.0,Joey_103
650,104.0,Joey/2_104.mp3,Joey,13.949387755102041,0.1578947368421053,2.0,Joey_104
651,106.0,Joey/2_106.mp3,Joey,13.949387755102041,0.4736842105263155,2.0,Joey_106
652,109.0,Joey/2_109.mp3,Joey,13.949387755102041,0.7894736842105261,2.0,Joey_109
653,110.0,Joey/2_110.mp3,Joey,13.949387755102041,1.1052631578947363,2.0,Joey_110
654,112.0,Joey/2_112.mp3,Joey,13.949387755102041,1.421052631578947,2.0,Joey_112
655,116.0,Joey/2_116.mp3,Joey,13.949387755102041,1.7368421052631575,2.0,Joey_116
656,117.0,Joey/2_117.mp3,Joey,13.949387755102041,2.052631578947368,2.0,Joey_117
657,121.0,Joey/2_121.mp3,Joey,13.949387755102041,2.3684210526315788,2.0,Joey_121
658,123.0,Joey/2_123.mp3,Joey,13.949387755102041,2.6842105263157894,2.0,Joey_123
659,125.0,Joey/2_125.mp3,Joey,13.949387755102041,3.0,2.0,Joey_125
660,88.0,Joey/3_88.mp3,Joey,19.5134693877551,-3.0,3.0,Joey_88
661,90.0,Joey/3_90.mp3,Joey,19.5134693877551,-2.6842105263157894,3.0,Joey_90
662,91.0,Joey/3_91.mp3,Joey,19.5134693877551,-2.3684210526315788,3.0,Joey_91
663,93.0,Joey/3_93.mp3,Joey,19.5134693877551,-2.0526315789473686,3.0,Joey_93
664,95.0,Joey/3_95.mp3,Joey,19.5134693877551,-1.736842105263158,3.0,Joey_95
665,96.0,Joey/3_96.mp3,Joey,19.5134693877551,-1.4210526315789473,3.0,Joey_96
666,98.0,Joey/3_98.mp3,Joey,19.5134693877551,-1.105263157894737,3.0,Joey_98
667,100.0,Joey/3_100.mp3,Joey,19.5134693877551,-0.7894736842105265,3.0,Joey_100
668,101.0,Joey/3_101.mp3,Joey,19.5134693877551,-0.47368421052631593,3.0,Joey_101
669,104.0,Joey/3_104.mp3,Joey,19.5134693877551,-0.1578947368421053,3.0,Joey_104
670,105.0,Joey/3_105.mp3,Joey,19.5134693877551,0.1578947368421053,3.0,Joey_105
671,107.0,Joey/3_107.mp3,Joey,19.5134693877551,0.4736842105263155,3.0,Joey_107
672,109.0,Joey/3_109.mp3,Joey,19.5134693877551,0.7894736842105261,3.0,Joey_109
673,112.0,Joey/3_112.mp3,Joey,19.5134693877551,1.1052631578947363,3.0,Joey_112
674,115.0,Joey/3_115.mp3,Joey,19.5134693877551,1.421052631578947,3.0,Joey_115
675,116.0,Joey/3_116.mp3,Joey,19.5134693877551,1.7368421052631575,3.0,Joey_116
676,119.0,Joey/3_119.mp3,Joey,19.5134693877551,2.052631578947368,3.0,Joey_119
677,120.0,Joey/3_120.mp3,Joey,19.5134693877551,2.3684210526315788,3.0,Joey_120
678,122.0,Joey/3_122.mp3,Joey,19.5134693877551,2.6842105263157894,3.0,Joey_122
679,125.0,Joey/3_125.mp3,Joey,19.5134693877551,3.0,3.0,Joey_125
680,88.0,Joey/4_88.mp3,Joey,18.05061224489796,-3.0,4.0,Joey_88
681,89.0,Joey/4_89.mp3,Joey,18.05061224489796,-2.6842105263157894,4.0,Joey_89
682,92.0,Joey/4_92.mp3,Joey,18.05061224489796,-2.3684210526315788,4.0,Joey_92
683,93.0,Joey/4_93.mp3,Joey,18.05061224489796,-2.0526315789473686,4.0,Joey_93
684,94.0,Joey/4_94.mp3,Joey,18.05061224489796,-1.736842105263158,4.0,Joey_94
685,95.0,Joey/4_95.mp3,Joey,18.05061224489796,-1.4210526315789473,4.0,Joey_95
686,97.0,Joey/4_97.mp3,Joey,18.05061224489796,-1.105263157894737,4.0,Joey_97
687,99.0,Joey/4_99.mp3,Joey,18.05061224489796,-0.7894736842105265,4.0,Joey_99
688,101.0,Joey/4_101.mp3,Joey,18.05061224489796,-0.47368421052631593,4.0,Joey_101
689,103.0,Joey/4_103.mp3,Joey,18.05061224489796,-0.1578947368421053,4.0,Joey_103
690,104.0,Joey/4_104.mp3,Joey,18.05061224489796,0.1578947368421053,4.0,Joey_104
691,106.0,Joey/4_106.mp3,Joey,18.05061224489796,0.4736842105263155,4.0,Joey_106
692,108.0,Joey/4_108.mp3,Joey,18.05061224489796,0.7894736842105261,4.0,Joey_108
693,109.0,Joey/4_109.mp3,Joey,18.05061224489796,1.1052631578947363,4.0,Joey_109
694,112.0,Joey/4_112.mp3,Joey,18.05061224489796,1.421052631578947,4.0,Joey_112
695,115.0,Joey/4_115.mp3,Joey,18.05061224489796,1.7368421052631575,4.0,Joey_115
696,118.0,Joey/4_118.mp3,Joey,18.05061224489796,2.052631578947368,4.0,Joey_118
697,120.0,Joey/4_120.mp3,Joey,18.05061224489796,2.3684210526315788,4.0,Joey_120
698,122.0,Joey/4_122.mp3,Joey,18.05061224489796,2.6842105263157894,4.0,Joey_122
699,124.0,Joey/4_124.mp3,Joey,18.05061224489796,3.0,4.0,Joey_124
700,89.0,Joey/5_89.mp3,Joey,22.151836734693877,-3.0,5.0,Joey_89
701,90.0,Joey/5_90.mp3,Joey,22.151836734693877,-2.6842105263157894,5.0,Joey_90
702,91.0,Joey/5_91.mp3,Joey,22.151836734693877,-2.3684210526315788,5.0,Joey_91
703,94.0,Joey/5_94.mp3,Joey,22.151836734693877,-2.0526315789473686,5.0,Joey_94
704,95.0,Joey/5_95.mp3,Joey,22.151836734693877,-1.736842105263158,5.0,Joey_95
705,97.0,Joey/5_97.mp3,Joey,22.151836734693877,-1.4210526315789473,5.0,Joey_97
706,99.0,Joey/5_99.mp3,Joey,22.151836734693877,-1.105263157894737,5.0,Joey_99
707,100.0,Joey/5_100.mp3,Joey,22.151836734693877,-0.7894736842105265,5.0,Joey_100
708,103.0,Joey/5_103.mp3,Joey,22.151836734693877,-0.47368421052631593,5.0,Joey_103
709,105.0,Joey/5_105.mp3,Joey,22.151836734693877,-0.1578947368421053,5.0,Joey_105
710,106.0,Joey/5_106.mp3,Joey,22.151836734693877,0.1578947368421053,5.0,Joey_106
711,109.0,Joey/5_109.mp3,Joey,22.151836734693877,0.4736842105263155,5.0,Joey_109
712,111.0,Joey/5_111.mp3,Joey,22.151836734693877,0.7894736842105261,5.0,Joey_111
713,113.0,Joey/5_113.mp3,Joey,22.151836734693877,1.1052631578947363,5.0,Joey_113
714,116.0,Joey/5_116.mp3,Joey,22.151836734693877,1.421052631578947,5.0,Joey_116
715,118.0,Joey/5_118.mp3,Joey,22.151836734693877,1.7368421052631575,5.0,Joey_118
716,119.0,Joey/5_119.mp3,Joey,22.151836734693877,2.052631578947368,5.0,Joey_119
717,122.0,Joey/5_122.mp3,Joey,22.151836734693877,2.3684210526315788,5.0,Joey_122
718,124.0,Joey/5_124.mp3,Joey,22.151836734693877,2.6842105263157894,5.0,Joey_124
719,126.0,Joey/5_126.mp3,Joey,22.151836734693877,3.0,5.0,Joey_126
